"BROKEN","EPIC","FAILED","FEATURE","PASSED","SKIPPED","STORY","UNKNOWN"
"0","","0","Searching for Airport Cab details in EaseMyTrip Website","2","0","Cab booking with Excel data for Airport Pickup and Drop","0"
"0","","0","Search Activities on EaseMyTrip","1","0","Selecting city, date and filtering day trips","0"
"0","","0","Search Activities on EaseMyTrip","1","0","Validating field level functionality of City Text box","0"
"0","","0","Searching for Giftards details on EaseMyTrip","3","0","validating the giftcards by giving Email and Mobile Number","0"
"1","","0","","0","0","","0"
"0","","0","Searching for Hourly Cab details on EaseMyTrip","1","0","Book hourly rental with time, date and SUV filter","0"
"0","","0","Searching for Outstation Cab details on EaseMyTrip","1","0","Book Outstation with one-way trip","0"
"0","","0","Searching for Hotel details on EaseMyTrip","1","0","Fetching the hotels available for filterd options","0"
"0","","0","Searching for Outstation Cab details on EaseMyTrip","1","0","Book Outstation for round-way trip","0"
